name	master	orientation	xmin	ymin	xmax	ymax
pad_clk_i	sg13g2_IOPadIn	MXR90	92000	1082000	272000	1162000
pad_gpio0_io	sg13g2_IOPadInOut30mA	R0	452000	92000	532000	272000
pad_gpio10_io	sg13g2_IOPadInOut30mA	R0	1352000	92000	1432000	272000
pad_gpio11_io	sg13g2_IOPadInOut30mA	R0	1442000	92000	1522000	272000
pad_gpio12_io	sg13g2_IOPadInOut30mA	R90	1702000	452000	1882000	532000
pad_gpio13_io	sg13g2_IOPadInOut30mA	R90	1702000	542000	1882000	622000
pad_gpio14_io	sg13g2_IOPadInOut30mA	R90	1702000	632000	1882000	712000
pad_gpio15_io	sg13g2_IOPadInOut30mA	R90	1702000	722000	1882000	802000
pad_gpio16_io	sg13g2_IOPadInOut30mA	R90	1702000	812000	1882000	892000
pad_gpio17_io	sg13g2_IOPadInOut30mA	R90	1702000	902000	1882000	982000
pad_gpio18_io	sg13g2_IOPadInOut30mA	R90	1702000	992000	1882000	1072000
pad_gpio19_io	sg13g2_IOPadInOut30mA	R90	1702000	1082000	1882000	1162000
pad_gpio1_io	sg13g2_IOPadInOut30mA	R0	542000	92000	622000	272000
pad_gpio20_io	sg13g2_IOPadInOut30mA	R90	1702000	1172000	1882000	1252000
pad_gpio21_io	sg13g2_IOPadInOut30mA	R90	1702000	1262000	1882000	1342000
pad_gpio22_io	sg13g2_IOPadInOut30mA	R90	1702000	1352000	1882000	1432000
pad_gpio23_io	sg13g2_IOPadInOut30mA	R90	1702000	1442000	1882000	1522000
pad_gpio24_io	sg13g2_IOPadInOut30mA	MX	1442000	1702000	1522000	1882000
pad_gpio25_io	sg13g2_IOPadInOut30mA	MX	1352000	1702000	1432000	1882000
pad_gpio26_io	sg13g2_IOPadInOut30mA	MX	1262000	1702000	1342000	1882000
pad_gpio27_io	sg13g2_IOPadInOut30mA	MX	1172000	1702000	1252000	1882000
pad_gpio28_io	sg13g2_IOPadInOut30mA	MX	1082000	1702000	1162000	1882000
pad_gpio29_io	sg13g2_IOPadInOut30mA	MX	992000	1702000	1072000	1882000
pad_gpio2_io	sg13g2_IOPadInOut30mA	R0	632000	92000	712000	272000
pad_gpio30_io	sg13g2_IOPadInOut30mA	MX	902000	1702000	982000	1882000
pad_gpio31_io	sg13g2_IOPadInOut30mA	MX	812000	1702000	892000	1882000
pad_gpio3_io	sg13g2_IOPadInOut30mA	R0	722000	92000	802000	272000
pad_gpio4_io	sg13g2_IOPadInOut30mA	R0	812000	92000	892000	272000
pad_gpio5_io	sg13g2_IOPadInOut30mA	R0	902000	92000	982000	272000
pad_gpio6_io	sg13g2_IOPadInOut30mA	R0	992000	92000	1072000	272000
pad_gpio7_io	sg13g2_IOPadInOut30mA	R0	1082000	92000	1162000	272000
pad_gpio8_io	sg13g2_IOPadInOut30mA	R0	1172000	92000	1252000	272000
pad_gpio9_io	sg13g2_IOPadInOut30mA	R0	1262000	92000	1342000	272000
pad_jtag_tck_i	sg13g2_IOPadIn	MXR90	92000	812000	272000	892000
pad_jtag_tdi_i	sg13g2_IOPadIn	MXR90	92000	542000	272000	622000
pad_jtag_tdo_o	sg13g2_IOPadOut16mA	MXR90	92000	452000	272000	532000
pad_jtag_tms_i	sg13g2_IOPadIn	MXR90	92000	632000	272000	712000
pad_jtag_trst_ni	sg13g2_IOPadIn	MXR90	92000	722000	272000	802000
pad_ref_clk_i	sg13g2_IOPadIn	MXR90	92000	992000	272000	1072000
pad_rst_ni	sg13g2_IOPadIn	MXR90	92000	902000	272000	982000
pad_status_o	sg13g2_IOPadOut16mA	MXR90	92000	1172000	272000	1252000
pad_testmode_i	sg13g2_IOPadIn	MXR90	92000	1262000	272000	1342000
pad_uart_rx_i	sg13g2_IOPadIn	MXR90	92000	1442000	272000	1522000
pad_uart_tx_o	sg13g2_IOPadOut16mA	MXR90	92000	1352000	272000	1432000
pad_unused0_o	sg13g2_IOPadOut16mA	MX	722000	1702000	802000	1882000
pad_unused1_o	sg13g2_IOPadOut16mA	MX	632000	1702000	712000	1882000
pad_unused2_o	sg13g2_IOPadOut16mA	MX	542000	1702000	622000	1882000
pad_unused3_o	sg13g2_IOPadOut16mA	MX	452000	1702000	532000	1882000
pad_vdd0	sg13g2_IOPadVdd	MXR90	92000	272000	272000	352000
pad_vdd1	sg13g2_IOPadVdd	R0	1622000	92000	1702000	272000
pad_vdd2	sg13g2_IOPadVdd	R90	1702000	1622000	1882000	1702000
pad_vdd3	sg13g2_IOPadVdd	MX	272000	1702000	352000	1882000
pad_vddio0	sg13g2_IOPadIOVdd	MXR90	92000	1532000	272000	1612000
pad_vddio1	sg13g2_IOPadIOVdd	R0	362000	92000	442000	272000
pad_vddio2	sg13g2_IOPadIOVdd	R90	1702000	362000	1882000	442000
pad_vddio3	sg13g2_IOPadIOVdd	MX	1532000	1702000	1612000	1882000
pad_vss0	sg13g2_IOPadVss	MXR90	92000	362000	272000	442000
pad_vss1	sg13g2_IOPadVss	R0	1532000	92000	1612000	272000
pad_vss2	sg13g2_IOPadVss	R90	1702000	1532000	1882000	1612000
pad_vss3	sg13g2_IOPadVss	MX	362000	1702000	442000	1882000
pad_vssio0	sg13g2_IOPadIOVss	MXR90	92000	1622000	272000	1702000
pad_vssio1	sg13g2_IOPadIOVss	R0	272000	92000	352000	272000
pad_vssio2	sg13g2_IOPadIOVss	R90	1702000	272000	1882000	352000
pad_vssio3	sg13g2_IOPadIOVss	MX	1622000	1702000	1702000	1882000
IO_CORNER_NORTH_WEST_INST	sg13g2_Corner	MX	92000	1702000	272000	1882000
IO_CORNER_NORTH_EAST_INST	sg13g2_Corner	R180	1702000	1702000	1882000	1882000
IO_CORNER_SOUTH_WEST_INST	sg13g2_Corner	R0	92000	92000	272000	272000
IO_CORNER_SOUTH_EAST_INST	sg13g2_Corner	MY	1702000	92000	1882000	272000
IO_FILL_IO_NORTH_0_0	sg13g2_Filler2000	MX	352000	1702000	362000	1882000
IO_FILL_IO_NORTH_1_0	sg13g2_Filler2000	MX	442000	1702000	452000	1882000
IO_FILL_IO_NORTH_2_0	sg13g2_Filler2000	MX	532000	1702000	542000	1882000
IO_FILL_IO_NORTH_3_0	sg13g2_Filler2000	MX	622000	1702000	632000	1882000
IO_FILL_IO_NORTH_4_0	sg13g2_Filler2000	MX	712000	1702000	722000	1882000
IO_FILL_IO_NORTH_5_0	sg13g2_Filler2000	MX	802000	1702000	812000	1882000
IO_FILL_IO_NORTH_6_0	sg13g2_Filler2000	MX	892000	1702000	902000	1882000
IO_FILL_IO_NORTH_7_0	sg13g2_Filler2000	MX	982000	1702000	992000	1882000
IO_FILL_IO_NORTH_8_0	sg13g2_Filler2000	MX	1072000	1702000	1082000	1882000
IO_FILL_IO_NORTH_9_0	sg13g2_Filler2000	MX	1162000	1702000	1172000	1882000
IO_FILL_IO_NORTH_10_0	sg13g2_Filler2000	MX	1252000	1702000	1262000	1882000
IO_FILL_IO_NORTH_11_0	sg13g2_Filler2000	MX	1342000	1702000	1352000	1882000
IO_FILL_IO_NORTH_12_0	sg13g2_Filler2000	MX	1432000	1702000	1442000	1882000
IO_FILL_IO_NORTH_13_0	sg13g2_Filler2000	MX	1522000	1702000	1532000	1882000
IO_FILL_IO_NORTH_14_0	sg13g2_Filler2000	MX	1612000	1702000	1622000	1882000
IO_FILL_IO_SOUTH_0_0	sg13g2_Filler2000	R0	352000	92000	362000	272000
IO_FILL_IO_SOUTH_1_0	sg13g2_Filler2000	R0	442000	92000	452000	272000
IO_FILL_IO_SOUTH_2_0	sg13g2_Filler2000	R0	532000	92000	542000	272000
IO_FILL_IO_SOUTH_3_0	sg13g2_Filler2000	R0	622000	92000	632000	272000
IO_FILL_IO_SOUTH_4_0	sg13g2_Filler2000	R0	712000	92000	722000	272000
IO_FILL_IO_SOUTH_5_0	sg13g2_Filler2000	R0	802000	92000	812000	272000
IO_FILL_IO_SOUTH_6_0	sg13g2_Filler2000	R0	892000	92000	902000	272000
IO_FILL_IO_SOUTH_7_0	sg13g2_Filler2000	R0	982000	92000	992000	272000
IO_FILL_IO_SOUTH_8_0	sg13g2_Filler2000	R0	1072000	92000	1082000	272000
IO_FILL_IO_SOUTH_9_0	sg13g2_Filler2000	R0	1162000	92000	1172000	272000
IO_FILL_IO_SOUTH_10_0	sg13g2_Filler2000	R0	1252000	92000	1262000	272000
IO_FILL_IO_SOUTH_11_0	sg13g2_Filler2000	R0	1342000	92000	1352000	272000
IO_FILL_IO_SOUTH_12_0	sg13g2_Filler2000	R0	1432000	92000	1442000	272000
IO_FILL_IO_SOUTH_13_0	sg13g2_Filler2000	R0	1522000	92000	1532000	272000
IO_FILL_IO_SOUTH_14_0	sg13g2_Filler2000	R0	1612000	92000	1622000	272000
IO_FILL_IO_WEST_0_0	sg13g2_Filler2000	MXR90	92000	352000	272000	362000
IO_FILL_IO_WEST_1_0	sg13g2_Filler2000	MXR90	92000	442000	272000	452000
IO_FILL_IO_WEST_2_0	sg13g2_Filler2000	MXR90	92000	532000	272000	542000
IO_FILL_IO_WEST_3_0	sg13g2_Filler2000	MXR90	92000	622000	272000	632000
IO_FILL_IO_WEST_4_0	sg13g2_Filler2000	MXR90	92000	712000	272000	722000
IO_FILL_IO_WEST_5_0	sg13g2_Filler2000	MXR90	92000	802000	272000	812000
IO_FILL_IO_WEST_6_0	sg13g2_Filler2000	MXR90	92000	892000	272000	902000
IO_FILL_IO_WEST_7_0	sg13g2_Filler2000	MXR90	92000	982000	272000	992000
IO_FILL_IO_WEST_8_0	sg13g2_Filler2000	MXR90	92000	1072000	272000	1082000
IO_FILL_IO_WEST_9_0	sg13g2_Filler2000	MXR90	92000	1162000	272000	1172000
IO_FILL_IO_WEST_10_0	sg13g2_Filler2000	MXR90	92000	1252000	272000	1262000
IO_FILL_IO_WEST_11_0	sg13g2_Filler2000	MXR90	92000	1342000	272000	1352000
IO_FILL_IO_WEST_12_0	sg13g2_Filler2000	MXR90	92000	1432000	272000	1442000
IO_FILL_IO_WEST_13_0	sg13g2_Filler2000	MXR90	92000	1522000	272000	1532000
IO_FILL_IO_WEST_14_0	sg13g2_Filler2000	MXR90	92000	1612000	272000	1622000
IO_FILL_IO_EAST_0_0	sg13g2_Filler2000	R90	1702000	352000	1882000	362000
IO_FILL_IO_EAST_1_0	sg13g2_Filler2000	R90	1702000	442000	1882000	452000
IO_FILL_IO_EAST_2_0	sg13g2_Filler2000	R90	1702000	532000	1882000	542000
IO_FILL_IO_EAST_3_0	sg13g2_Filler2000	R90	1702000	622000	1882000	632000
IO_FILL_IO_EAST_4_0	sg13g2_Filler2000	R90	1702000	712000	1882000	722000
IO_FILL_IO_EAST_5_0	sg13g2_Filler2000	R90	1702000	802000	1882000	812000
IO_FILL_IO_EAST_6_0	sg13g2_Filler2000	R90	1702000	892000	1882000	902000
IO_FILL_IO_EAST_7_0	sg13g2_Filler2000	R90	1702000	982000	1882000	992000
IO_FILL_IO_EAST_8_0	sg13g2_Filler2000	R90	1702000	1072000	1882000	1082000
IO_FILL_IO_EAST_9_0	sg13g2_Filler2000	R90	1702000	1162000	1882000	1172000
IO_FILL_IO_EAST_10_0	sg13g2_Filler2000	R90	1702000	1252000	1882000	1262000
IO_FILL_IO_EAST_11_0	sg13g2_Filler2000	R90	1702000	1342000	1882000	1352000
IO_FILL_IO_EAST_12_0	sg13g2_Filler2000	R90	1702000	1432000	1882000	1442000
IO_FILL_IO_EAST_13_0	sg13g2_Filler2000	R90	1702000	1522000	1882000	1532000
IO_FILL_IO_EAST_14_0	sg13g2_Filler2000	R90	1702000	1612000	1882000	1622000
IO_BOND_pad_clk_i	bondpad70_m2_ring	MXR90	17800	1087000	87800	1157000
IO_BOND_pad_gpio0_io	bondpad70_m2_ring	R0	457000	17800	527000	87800
IO_BOND_pad_gpio10_io	bondpad70_m2_ring	R0	1357000	17800	1427000	87800
IO_BOND_pad_gpio11_io	bondpad70_m2_ring	R0	1447000	17800	1517000	87800
IO_BOND_pad_gpio12_io	bondpad70_m2_ring	R90	1886200	457000	1956200	527000
IO_BOND_pad_gpio13_io	bondpad70_m2_ring	R90	1886200	547000	1956200	617000
IO_BOND_pad_gpio14_io	bondpad70_m2_ring	R90	1886200	637000	1956200	707000
IO_BOND_pad_gpio15_io	bondpad70_m2_ring	R90	1886200	727000	1956200	797000
IO_BOND_pad_gpio16_io	bondpad70_m2_ring	R90	1886200	817000	1956200	887000
IO_BOND_pad_gpio17_io	bondpad70_m2_ring	R90	1886200	907000	1956200	977000
IO_BOND_pad_gpio18_io	bondpad70_m2_ring	R90	1886200	997000	1956200	1067000
IO_BOND_pad_gpio19_io	bondpad70_m2_ring	R90	1886200	1087000	1956200	1157000
IO_BOND_pad_gpio1_io	bondpad70_m2_ring	R0	547000	17800	617000	87800
IO_BOND_pad_gpio20_io	bondpad70_m2_ring	R90	1886200	1177000	1956200	1247000
IO_BOND_pad_gpio21_io	bondpad70_m2_ring	R90	1886200	1267000	1956200	1337000
IO_BOND_pad_gpio22_io	bondpad70_m2_ring	R90	1886200	1357000	1956200	1427000
IO_BOND_pad_gpio23_io	bondpad70_m2_ring	R90	1886200	1447000	1956200	1517000
IO_BOND_pad_gpio24_io	bondpad70_m2_ring	MX	1447000	1886200	1517000	1956200
IO_BOND_pad_gpio25_io	bondpad70_m2_ring	MX	1357000	1886200	1427000	1956200
IO_BOND_pad_gpio26_io	bondpad70_m2_ring	MX	1267000	1886200	1337000	1956200
IO_BOND_pad_gpio27_io	bondpad70_m2_ring	MX	1177000	1886200	1247000	1956200
IO_BOND_pad_gpio28_io	bondpad70_m2_ring	MX	1087000	1886200	1157000	1956200
IO_BOND_pad_gpio29_io	bondpad70_m2_ring	MX	997000	1886200	1067000	1956200
IO_BOND_pad_gpio2_io	bondpad70_m2_ring	R0	637000	17800	707000	87800
IO_BOND_pad_gpio30_io	bondpad70_m2_ring	MX	907000	1886200	977000	1956200
IO_BOND_pad_gpio31_io	bondpad70_m2_ring	MX	817000	1886200	887000	1956200
IO_BOND_pad_gpio3_io	bondpad70_m2_ring	R0	727000	17800	797000	87800
IO_BOND_pad_gpio4_io	bondpad70_m2_ring	R0	817000	17800	887000	87800
IO_BOND_pad_gpio5_io	bondpad70_m2_ring	R0	907000	17800	977000	87800
IO_BOND_pad_gpio6_io	bondpad70_m2_ring	R0	997000	17800	1067000	87800
IO_BOND_pad_gpio7_io	bondpad70_m2_ring	R0	1087000	17800	1157000	87800
IO_BOND_pad_gpio8_io	bondpad70_m2_ring	R0	1177000	17800	1247000	87800
IO_BOND_pad_gpio9_io	bondpad70_m2_ring	R0	1267000	17800	1337000	87800
IO_BOND_pad_jtag_tck_i	bondpad70_m2_ring	MXR90	17800	817000	87800	887000
IO_BOND_pad_jtag_tdi_i	bondpad70_m2_ring	MXR90	17800	547000	87800	617000
IO_BOND_pad_jtag_tdo_o	bondpad70_m2_ring	MXR90	17800	457000	87800	527000
IO_BOND_pad_jtag_tms_i	bondpad70_m2_ring	MXR90	17800	637000	87800	707000
IO_BOND_pad_jtag_trst_ni	bondpad70_m2_ring	MXR90	17800	727000	87800	797000
IO_BOND_pad_ref_clk_i	bondpad70_m2_ring	MXR90	17800	997000	87800	1067000
IO_BOND_pad_rst_ni	bondpad70_m2_ring	MXR90	17800	907000	87800	977000
IO_BOND_pad_status_o	bondpad70_m2_ring	MXR90	17800	1177000	87800	1247000
IO_BOND_pad_testmode_i	bondpad70_m2_ring	MXR90	17800	1267000	87800	1337000
IO_BOND_pad_uart_rx_i	bondpad70_m2_ring	MXR90	17800	1447000	87800	1517000
IO_BOND_pad_uart_tx_o	bondpad70_m2_ring	MXR90	17800	1357000	87800	1427000
IO_BOND_pad_unused0_o	bondpad70_m2_ring	MX	727000	1886200	797000	1956200
IO_BOND_pad_unused1_o	bondpad70_m2_ring	MX	637000	1886200	707000	1956200
IO_BOND_pad_unused2_o	bondpad70_m2_ring	MX	547000	1886200	617000	1956200
IO_BOND_pad_unused3_o	bondpad70_m2_ring	MX	457000	1886200	527000	1956200
IO_BOND_pad_vdd0	bondpad70_m2_ring	MXR90	17800	277000	87800	347000
IO_BOND_pad_vdd1	bondpad70_m2_ring	R0	1627000	17800	1697000	87800
IO_BOND_pad_vdd2	bondpad70_m2_ring	R90	1886200	1627000	1956200	1697000
IO_BOND_pad_vdd3	bondpad70_m2_ring	MX	277000	1886200	347000	1956200
IO_BOND_pad_vddio0	bondpad70_m2_ring	MXR90	17800	1537000	87800	1607000
IO_BOND_pad_vddio1	bondpad70_m2_ring	R0	367000	17800	437000	87800
IO_BOND_pad_vddio2	bondpad70_m2_ring	R90	1886200	367000	1956200	437000
IO_BOND_pad_vddio3	bondpad70_m2_ring	MX	1537000	1886200	1607000	1956200
IO_BOND_pad_vss0	bondpad70_m2_ring	MXR90	17800	367000	87800	437000
IO_BOND_pad_vss1	bondpad70_m2_ring	R0	1537000	17800	1607000	87800
IO_BOND_pad_vss2	bondpad70_m2_ring	R90	1886200	1537000	1956200	1607000
IO_BOND_pad_vss3	bondpad70_m2_ring	MX	367000	1886200	437000	1956200
IO_BOND_pad_vssio0	bondpad70_m2_ring	MXR90	17800	1627000	87800	1697000
IO_BOND_pad_vssio1	bondpad70_m2_ring	R0	277000	17800	347000	87800
IO_BOND_pad_vssio2	bondpad70_m2_ring	R90	1886200	277000	1956200	347000
IO_BOND_pad_vssio3	bondpad70_m2_ring	MX	1627000	1886200	1697000	1956200
