instance	pin	net
pad_clk_i	iovdd	VDDIO
pad_clk_i	iovss	VSSIO
pad_clk_i	p2c	soc_clk_i
pad_clk_i	pad	clk_i
pad_clk_i	vdd	VDD
pad_clk_i	vss	VSS
pad_gpio0_io	c2p	soc_gpio_o_0_
pad_gpio0_io	c2p_en	soc_gpio_out_en_o_0_
pad_gpio0_io	iovdd	VDDIO
pad_gpio0_io	iovss	VSSIO
pad_gpio0_io	p2c	soc_gpio_i_0_
pad_gpio0_io	pad	gpio0_io
pad_gpio0_io	vdd	VDD
pad_gpio0_io	vss	VSS
pad_gpio10_io	c2p	soc_gpio_o_10_
pad_gpio10_io	c2p_en	soc_gpio_out_en_o_10_
pad_gpio10_io	iovdd	VDDIO
pad_gpio10_io	iovss	VSSIO
pad_gpio10_io	p2c	soc_gpio_i_10_
pad_gpio10_io	pad	gpio10_io
pad_gpio10_io	vdd	VDD
pad_gpio10_io	vss	VSS
pad_gpio11_io	c2p	soc_gpio_o_11_
pad_gpio11_io	c2p_en	soc_gpio_out_en_o_11_
pad_gpio11_io	iovdd	VDDIO
pad_gpio11_io	iovss	VSSIO
pad_gpio11_io	p2c	soc_gpio_i_11_
pad_gpio11_io	pad	gpio11_io
pad_gpio11_io	vdd	VDD
pad_gpio11_io	vss	VSS
pad_gpio12_io	c2p	soc_gpio_o_12_
pad_gpio12_io	c2p_en	soc_gpio_out_en_o_12_
pad_gpio12_io	iovdd	VDDIO
pad_gpio12_io	iovss	VSSIO
pad_gpio12_io	p2c	soc_gpio_i_12_
pad_gpio12_io	pad	gpio12_io
pad_gpio12_io	vdd	VDD
pad_gpio12_io	vss	VSS
pad_gpio13_io	c2p	soc_gpio_o_13_
pad_gpio13_io	c2p_en	soc_gpio_out_en_o_13_
pad_gpio13_io	iovdd	VDDIO
pad_gpio13_io	iovss	VSSIO
pad_gpio13_io	p2c	soc_gpio_i_13_
pad_gpio13_io	pad	gpio13_io
pad_gpio13_io	vdd	VDD
pad_gpio13_io	vss	VSS
pad_gpio14_io	c2p	soc_gpio_o_14_
pad_gpio14_io	c2p_en	soc_gpio_out_en_o_14_
pad_gpio14_io	iovdd	VDDIO
pad_gpio14_io	iovss	VSSIO
pad_gpio14_io	p2c	soc_gpio_i_14_
pad_gpio14_io	pad	gpio14_io
pad_gpio14_io	vdd	VDD
pad_gpio14_io	vss	VSS
pad_gpio15_io	c2p	soc_gpio_o_15_
pad_gpio15_io	c2p_en	soc_gpio_out_en_o_15_
pad_gpio15_io	iovdd	VDDIO
pad_gpio15_io	iovss	VSSIO
pad_gpio15_io	p2c	soc_gpio_i_15_
pad_gpio15_io	pad	gpio15_io
pad_gpio15_io	vdd	VDD
pad_gpio15_io	vss	VSS
pad_gpio16_io	c2p	soc_gpio_o_16_
pad_gpio16_io	c2p_en	soc_gpio_out_en_o_16_
pad_gpio16_io	iovdd	VDDIO
pad_gpio16_io	iovss	VSSIO
pad_gpio16_io	p2c	soc_gpio_i_16_
pad_gpio16_io	pad	gpio16_io
pad_gpio16_io	vdd	VDD
pad_gpio16_io	vss	VSS
pad_gpio17_io	c2p	soc_gpio_o_17_
pad_gpio17_io	c2p_en	soc_gpio_out_en_o_17_
pad_gpio17_io	iovdd	VDDIO
pad_gpio17_io	iovss	VSSIO
pad_gpio17_io	p2c	soc_gpio_i_17_
pad_gpio17_io	pad	gpio17_io
pad_gpio17_io	vdd	VDD
pad_gpio17_io	vss	VSS
pad_gpio18_io	c2p	soc_gpio_o_18_
pad_gpio18_io	c2p_en	soc_gpio_out_en_o_18_
pad_gpio18_io	iovdd	VDDIO
pad_gpio18_io	iovss	VSSIO
pad_gpio18_io	p2c	soc_gpio_i_18_
pad_gpio18_io	pad	gpio18_io
pad_gpio18_io	vdd	VDD
pad_gpio18_io	vss	VSS
pad_gpio19_io	c2p	soc_gpio_o_19_
pad_gpio19_io	c2p_en	soc_gpio_out_en_o_19_
pad_gpio19_io	iovdd	VDDIO
pad_gpio19_io	iovss	VSSIO
pad_gpio19_io	p2c	soc_gpio_i_19_
pad_gpio19_io	pad	gpio19_io
pad_gpio19_io	vdd	VDD
pad_gpio19_io	vss	VSS
pad_gpio1_io	c2p	soc_gpio_o_1_
pad_gpio1_io	c2p_en	soc_gpio_out_en_o_1_
pad_gpio1_io	iovdd	VDDIO
pad_gpio1_io	iovss	VSSIO
pad_gpio1_io	p2c	soc_gpio_i_1_
pad_gpio1_io	pad	gpio1_io
pad_gpio1_io	vdd	VDD
pad_gpio1_io	vss	VSS
pad_gpio20_io	c2p	soc_gpio_o_20_
pad_gpio20_io	c2p_en	soc_gpio_out_en_o_20_
pad_gpio20_io	iovdd	VDDIO
pad_gpio20_io	iovss	VSSIO
pad_gpio20_io	p2c	soc_gpio_i_20_
pad_gpio20_io	pad	gpio20_io
pad_gpio20_io	vdd	VDD
pad_gpio20_io	vss	VSS
pad_gpio21_io	c2p	soc_gpio_o_21_
pad_gpio21_io	c2p_en	soc_gpio_out_en_o_21_
pad_gpio21_io	iovdd	VDDIO
pad_gpio21_io	iovss	VSSIO
pad_gpio21_io	p2c	soc_gpio_i_21_
pad_gpio21_io	pad	gpio21_io
pad_gpio21_io	vdd	VDD
pad_gpio21_io	vss	VSS
pad_gpio22_io	c2p	soc_gpio_o_22_
pad_gpio22_io	c2p_en	soc_gpio_out_en_o_22_
pad_gpio22_io	iovdd	VDDIO
pad_gpio22_io	iovss	VSSIO
pad_gpio22_io	p2c	soc_gpio_i_22_
pad_gpio22_io	pad	gpio22_io
pad_gpio22_io	vdd	VDD
pad_gpio22_io	vss	VSS
pad_gpio23_io	c2p	soc_gpio_o_23_
pad_gpio23_io	c2p_en	soc_gpio_out_en_o_23_
pad_gpio23_io	iovdd	VDDIO
pad_gpio23_io	iovss	VSSIO
pad_gpio23_io	p2c	soc_gpio_i_23_
pad_gpio23_io	pad	gpio23_io
pad_gpio23_io	vdd	VDD
pad_gpio23_io	vss	VSS
pad_gpio24_io	c2p	soc_gpio_o_24_
pad_gpio24_io	c2p_en	soc_gpio_out_en_o_24_
pad_gpio24_io	iovdd	VDDIO
pad_gpio24_io	iovss	VSSIO
pad_gpio24_io	p2c	soc_gpio_i_24_
pad_gpio24_io	pad	gpio24_io
pad_gpio24_io	vdd	VDD
pad_gpio24_io	vss	VSS
pad_gpio25_io	c2p	soc_gpio_o_25_
pad_gpio25_io	c2p_en	soc_gpio_out_en_o_25_
pad_gpio25_io	iovdd	VDDIO
pad_gpio25_io	iovss	VSSIO
pad_gpio25_io	p2c	soc_gpio_i_25_
pad_gpio25_io	pad	gpio25_io
pad_gpio25_io	vdd	VDD
pad_gpio25_io	vss	VSS
pad_gpio26_io	c2p	soc_gpio_o_26_
pad_gpio26_io	c2p_en	soc_gpio_out_en_o_26_
pad_gpio26_io	iovdd	VDDIO
pad_gpio26_io	iovss	VSSIO
pad_gpio26_io	p2c	soc_gpio_i_26_
pad_gpio26_io	pad	gpio26_io
pad_gpio26_io	vdd	VDD
pad_gpio26_io	vss	VSS
pad_gpio27_io	c2p	soc_gpio_o_27_
pad_gpio27_io	c2p_en	soc_gpio_out_en_o_27_
pad_gpio27_io	iovdd	VDDIO
pad_gpio27_io	iovss	VSSIO
pad_gpio27_io	p2c	soc_gpio_i_27_
pad_gpio27_io	pad	gpio27_io
pad_gpio27_io	vdd	VDD
pad_gpio27_io	vss	VSS
pad_gpio28_io	c2p	soc_gpio_o_28_
pad_gpio28_io	c2p_en	soc_gpio_out_en_o_28_
pad_gpio28_io	iovdd	VDDIO
pad_gpio28_io	iovss	VSSIO
pad_gpio28_io	p2c	soc_gpio_i_28_
pad_gpio28_io	pad	gpio28_io
pad_gpio28_io	vdd	VDD
pad_gpio28_io	vss	VSS
pad_gpio29_io	c2p	soc_gpio_o_29_
pad_gpio29_io	c2p_en	soc_gpio_out_en_o_29_
pad_gpio29_io	iovdd	VDDIO
pad_gpio29_io	iovss	VSSIO
pad_gpio29_io	p2c	soc_gpio_i_29_
pad_gpio29_io	pad	gpio29_io
pad_gpio29_io	vdd	VDD
pad_gpio29_io	vss	VSS
pad_gpio2_io	c2p	soc_gpio_o_2_
pad_gpio2_io	c2p_en	soc_gpio_out_en_o_2_
pad_gpio2_io	iovdd	VDDIO
pad_gpio2_io	iovss	VSSIO
pad_gpio2_io	p2c	soc_gpio_i_2_
pad_gpio2_io	pad	gpio2_io
pad_gpio2_io	vdd	VDD
pad_gpio2_io	vss	VSS
pad_gpio30_io	c2p	soc_gpio_o_30_
pad_gpio30_io	c2p_en	soc_gpio_out_en_o_30_
pad_gpio30_io	iovdd	VDDIO
pad_gpio30_io	iovss	VSSIO
pad_gpio30_io	p2c	soc_gpio_i_30_
pad_gpio30_io	pad	gpio30_io
pad_gpio30_io	vdd	VDD
pad_gpio30_io	vss	VSS
pad_gpio31_io	c2p	soc_gpio_o_31_
pad_gpio31_io	c2p_en	soc_gpio_out_en_o_31_
pad_gpio31_io	iovdd	VDDIO
pad_gpio31_io	iovss	VSSIO
pad_gpio31_io	p2c	soc_gpio_i_31_
pad_gpio31_io	pad	gpio31_io
pad_gpio31_io	vdd	VDD
pad_gpio31_io	vss	VSS
pad_gpio3_io	c2p	soc_gpio_o_3_
pad_gpio3_io	c2p_en	soc_gpio_out_en_o_3_
pad_gpio3_io	iovdd	VDDIO
pad_gpio3_io	iovss	VSSIO
pad_gpio3_io	p2c	soc_gpio_i_3_
pad_gpio3_io	pad	gpio3_io
pad_gpio3_io	vdd	VDD
pad_gpio3_io	vss	VSS
pad_gpio4_io	c2p	soc_gpio_o_4_
pad_gpio4_io	c2p_en	soc_gpio_out_en_o_4_
pad_gpio4_io	iovdd	VDDIO
pad_gpio4_io	iovss	VSSIO
pad_gpio4_io	p2c	soc_gpio_i_4_
pad_gpio4_io	pad	gpio4_io
pad_gpio4_io	vdd	VDD
pad_gpio4_io	vss	VSS
pad_gpio5_io	c2p	soc_gpio_o_5_
pad_gpio5_io	c2p_en	soc_gpio_out_en_o_5_
pad_gpio5_io	iovdd	VDDIO
pad_gpio5_io	iovss	VSSIO
pad_gpio5_io	p2c	soc_gpio_i_5_
pad_gpio5_io	pad	gpio5_io
pad_gpio5_io	vdd	VDD
pad_gpio5_io	vss	VSS
pad_gpio6_io	c2p	soc_gpio_o_6_
pad_gpio6_io	c2p_en	soc_gpio_out_en_o_6_
pad_gpio6_io	iovdd	VDDIO
pad_gpio6_io	iovss	VSSIO
pad_gpio6_io	p2c	soc_gpio_i_6_
pad_gpio6_io	pad	gpio6_io
pad_gpio6_io	vdd	VDD
pad_gpio6_io	vss	VSS
pad_gpio7_io	c2p	soc_gpio_o_7_
pad_gpio7_io	c2p_en	soc_gpio_out_en_o_7_
pad_gpio7_io	iovdd	VDDIO
pad_gpio7_io	iovss	VSSIO
pad_gpio7_io	p2c	soc_gpio_i_7_
pad_gpio7_io	pad	gpio7_io
pad_gpio7_io	vdd	VDD
pad_gpio7_io	vss	VSS
pad_gpio8_io	c2p	soc_gpio_o_8_
pad_gpio8_io	c2p_en	soc_gpio_out_en_o_8_
pad_gpio8_io	iovdd	VDDIO
pad_gpio8_io	iovss	VSSIO
pad_gpio8_io	p2c	soc_gpio_i_8_
pad_gpio8_io	pad	gpio8_io
pad_gpio8_io	vdd	VDD
pad_gpio8_io	vss	VSS
pad_gpio9_io	c2p	soc_gpio_o_9_
pad_gpio9_io	c2p_en	soc_gpio_out_en_o_9_
pad_gpio9_io	iovdd	VDDIO
pad_gpio9_io	iovss	VSSIO
pad_gpio9_io	p2c	soc_gpio_i_9_
pad_gpio9_io	pad	gpio9_io
pad_gpio9_io	vdd	VDD
pad_gpio9_io	vss	VSS
pad_jtag_tck_i	iovdd	VDDIO
pad_jtag_tck_i	iovss	VSSIO
pad_jtag_tck_i	p2c	soc_jtag_tck_i
pad_jtag_tck_i	pad	jtag_tck_i
pad_jtag_tck_i	vdd	VDD
pad_jtag_tck_i	vss	VSS
pad_jtag_tdi_i	iovdd	VDDIO
pad_jtag_tdi_i	iovss	VSSIO
pad_jtag_tdi_i	p2c	soc_jtag_tdi_i
pad_jtag_tdi_i	pad	jtag_tdi_i
pad_jtag_tdi_i	vdd	VDD
pad_jtag_tdi_i	vss	VSS
pad_jtag_tdo_o	c2p	soc_jtag_tdo_o
pad_jtag_tdo_o	iovdd	VDDIO
pad_jtag_tdo_o	iovss	VSSIO
pad_jtag_tdo_o	pad	jtag_tdo_o
pad_jtag_tdo_o	vdd	VDD
pad_jtag_tdo_o	vss	VSS
pad_jtag_tms_i	iovdd	VDDIO
pad_jtag_tms_i	iovss	VSSIO
pad_jtag_tms_i	p2c	soc_jtag_tms_i
pad_jtag_tms_i	pad	jtag_tms_i
pad_jtag_tms_i	vdd	VDD
pad_jtag_tms_i	vss	VSS
pad_jtag_trst_ni	iovdd	VDDIO
pad_jtag_trst_ni	iovss	VSSIO
pad_jtag_trst_ni	p2c	soc_jtag_trst_ni
pad_jtag_trst_ni	pad	jtag_trst_ni
pad_jtag_trst_ni	vdd	VDD
pad_jtag_trst_ni	vss	VSS
pad_ref_clk_i	iovdd	VDDIO
pad_ref_clk_i	iovss	VSSIO
pad_ref_clk_i	p2c	soc_ref_clk_i
pad_ref_clk_i	pad	ref_clk_i
pad_ref_clk_i	vdd	VDD
pad_ref_clk_i	vss	VSS
pad_rst_ni	iovdd	VDDIO
pad_rst_ni	iovss	VSSIO
pad_rst_ni	p2c	soc_rst_ni
pad_rst_ni	pad	rst_ni
pad_rst_ni	vdd	VDD
pad_rst_ni	vss	VSS
pad_status_o	c2p	soc_status_o
pad_status_o	iovdd	VDDIO
pad_status_o	iovss	VSSIO
pad_status_o	pad	status_o
pad_status_o	vdd	VDD
pad_status_o	vss	VSS
pad_testmode_i	iovdd	VDDIO
pad_testmode_i	iovss	VSSIO
pad_testmode_i	p2c	soc_testmode_i
pad_testmode_i	pad	testmode_i
pad_testmode_i	vdd	VDD
pad_testmode_i	vss	VSS
pad_uart_rx_i	iovdd	VDDIO
pad_uart_rx_i	iovss	VSSIO
pad_uart_rx_i	p2c	soc_uart_rx_i
pad_uart_rx_i	pad	uart_rx_i
pad_uart_rx_i	vdd	VDD
pad_uart_rx_i	vss	VSS
pad_uart_tx_o	c2p	soc_uart_tx_o
pad_uart_tx_o	iovdd	VDDIO
pad_uart_tx_o	iovss	VSSIO
pad_uart_tx_o	pad	uart_tx_o
pad_uart_tx_o	vdd	VDD
pad_uart_tx_o	vss	VSS
pad_unused0_o	c2p	net11632
pad_unused0_o	iovdd	VDDIO
pad_unused0_o	iovss	VSSIO
pad_unused0_o	pad	unused0_o
pad_unused0_o	vdd	VDD
pad_unused0_o	vss	VSS
pad_unused1_o	c2p	net11632
pad_unused1_o	iovdd	VDDIO
pad_unused1_o	iovss	VSSIO
pad_unused1_o	pad	unused1_o
pad_unused1_o	vdd	VDD
pad_unused1_o	vss	VSS
pad_unused2_o	c2p	net11632
pad_unused2_o	iovdd	VDDIO
pad_unused2_o	iovss	VSSIO
pad_unused2_o	pad	unused2_o
pad_unused2_o	vdd	VDD
pad_unused2_o	vss	VSS
pad_unused3_o	c2p	net11632
pad_unused3_o	iovdd	VDDIO
pad_unused3_o	iovss	VSSIO
pad_unused3_o	pad	unused3_o
pad_unused3_o	vdd	VDD
pad_unused3_o	vss	VSS
pad_vdd0	iovdd	VDDIO
pad_vdd0	iovss	VSSIO
pad_vdd0	vdd	VDD
pad_vdd0	vss	VSS
pad_vdd1	iovdd	VDDIO
pad_vdd1	iovss	VSSIO
pad_vdd1	vdd	VDD
pad_vdd1	vss	VSS
pad_vdd2	iovdd	VDDIO
pad_vdd2	iovss	VSSIO
pad_vdd2	vdd	VDD
pad_vdd2	vss	VSS
pad_vdd3	iovdd	VDDIO
pad_vdd3	iovss	VSSIO
pad_vdd3	vdd	VDD
pad_vdd3	vss	VSS
pad_vddio0	iovdd	VDDIO
pad_vddio0	iovss	VSSIO
pad_vddio0	vdd	VDD
pad_vddio0	vss	VSS
pad_vddio1	iovdd	VDDIO
pad_vddio1	iovss	VSSIO
pad_vddio1	vdd	VDD
pad_vddio1	vss	VSS
pad_vddio2	iovdd	VDDIO
pad_vddio2	iovss	VSSIO
pad_vddio2	vdd	VDD
pad_vddio2	vss	VSS
pad_vddio3	iovdd	VDDIO
pad_vddio3	iovss	VSSIO
pad_vddio3	vdd	VDD
pad_vddio3	vss	VSS
pad_vss0	iovdd	VDDIO
pad_vss0	iovss	VSSIO
pad_vss0	vdd	VDD
pad_vss0	vss	VSS
pad_vss1	iovdd	VDDIO
pad_vss1	iovss	VSSIO
pad_vss1	vdd	VDD
pad_vss1	vss	VSS
pad_vss2	iovdd	VDDIO
pad_vss2	iovss	VSSIO
pad_vss2	vdd	VDD
pad_vss2	vss	VSS
pad_vss3	iovdd	VDDIO
pad_vss3	iovss	VSSIO
pad_vss3	vdd	VDD
pad_vss3	vss	VSS
pad_vssio0	iovdd	VDDIO
pad_vssio0	iovss	VSSIO
pad_vssio0	vdd	VDD
pad_vssio0	vss	VSS
pad_vssio1	iovdd	VDDIO
pad_vssio1	iovss	VSSIO
pad_vssio1	vdd	VDD
pad_vssio1	vss	VSS
pad_vssio2	iovdd	VDDIO
pad_vssio2	iovss	VSSIO
pad_vssio2	vdd	VDD
pad_vssio2	vss	VSS
pad_vssio3	iovdd	VDDIO
pad_vssio3	iovss	VSSIO
pad_vssio3	vdd	VDD
pad_vssio3	vss	VSS
IO_CORNER_NORTH_WEST_INST	iovdd	VDDIO
IO_CORNER_NORTH_WEST_INST	iovss	VSSIO
IO_CORNER_NORTH_WEST_INST	vdd	VDD
IO_CORNER_NORTH_WEST_INST	vss	VSS
IO_CORNER_NORTH_EAST_INST	iovdd	VDDIO
IO_CORNER_NORTH_EAST_INST	iovss	VSSIO
IO_CORNER_NORTH_EAST_INST	vdd	VDD
IO_CORNER_NORTH_EAST_INST	vss	VSS
IO_CORNER_SOUTH_WEST_INST	iovdd	VDDIO
IO_CORNER_SOUTH_WEST_INST	iovss	VSSIO
IO_CORNER_SOUTH_WEST_INST	vdd	VDD
IO_CORNER_SOUTH_WEST_INST	vss	VSS
IO_CORNER_SOUTH_EAST_INST	iovdd	VDDIO
IO_CORNER_SOUTH_EAST_INST	iovss	VSSIO
IO_CORNER_SOUTH_EAST_INST	vdd	VDD
IO_CORNER_SOUTH_EAST_INST	vss	VSS
IO_FILL_IO_NORTH_0_0	iovdd	VDDIO
IO_FILL_IO_NORTH_0_0	iovss	VSSIO
IO_FILL_IO_NORTH_0_0	vdd	VDD
IO_FILL_IO_NORTH_0_0	vss	VSS
IO_FILL_IO_NORTH_1_0	iovdd	VDDIO
IO_FILL_IO_NORTH_1_0	iovss	VSSIO
IO_FILL_IO_NORTH_1_0	vdd	VDD
IO_FILL_IO_NORTH_1_0	vss	VSS
IO_FILL_IO_NORTH_2_0	iovdd	VDDIO
IO_FILL_IO_NORTH_2_0	iovss	VSSIO
IO_FILL_IO_NORTH_2_0	vdd	VDD
IO_FILL_IO_NORTH_2_0	vss	VSS
IO_FILL_IO_NORTH_3_0	iovdd	VDDIO
IO_FILL_IO_NORTH_3_0	iovss	VSSIO
IO_FILL_IO_NORTH_3_0	vdd	VDD
IO_FILL_IO_NORTH_3_0	vss	VSS
IO_FILL_IO_NORTH_4_0	iovdd	VDDIO
IO_FILL_IO_NORTH_4_0	iovss	VSSIO
IO_FILL_IO_NORTH_4_0	vdd	VDD
IO_FILL_IO_NORTH_4_0	vss	VSS
IO_FILL_IO_NORTH_5_0	iovdd	VDDIO
IO_FILL_IO_NORTH_5_0	iovss	VSSIO
IO_FILL_IO_NORTH_5_0	vdd	VDD
IO_FILL_IO_NORTH_5_0	vss	VSS
IO_FILL_IO_NORTH_6_0	iovdd	VDDIO
IO_FILL_IO_NORTH_6_0	iovss	VSSIO
IO_FILL_IO_NORTH_6_0	vdd	VDD
IO_FILL_IO_NORTH_6_0	vss	VSS
IO_FILL_IO_NORTH_7_0	iovdd	VDDIO
IO_FILL_IO_NORTH_7_0	iovss	VSSIO
IO_FILL_IO_NORTH_7_0	vdd	VDD
IO_FILL_IO_NORTH_7_0	vss	VSS
IO_FILL_IO_NORTH_8_0	iovdd	VDDIO
IO_FILL_IO_NORTH_8_0	iovss	VSSIO
IO_FILL_IO_NORTH_8_0	vdd	VDD
IO_FILL_IO_NORTH_8_0	vss	VSS
IO_FILL_IO_NORTH_9_0	iovdd	VDDIO
IO_FILL_IO_NORTH_9_0	iovss	VSSIO
IO_FILL_IO_NORTH_9_0	vdd	VDD
IO_FILL_IO_NORTH_9_0	vss	VSS
IO_FILL_IO_NORTH_10_0	iovdd	VDDIO
IO_FILL_IO_NORTH_10_0	iovss	VSSIO
IO_FILL_IO_NORTH_10_0	vdd	VDD
IO_FILL_IO_NORTH_10_0	vss	VSS
IO_FILL_IO_NORTH_11_0	iovdd	VDDIO
IO_FILL_IO_NORTH_11_0	iovss	VSSIO
IO_FILL_IO_NORTH_11_0	vdd	VDD
IO_FILL_IO_NORTH_11_0	vss	VSS
IO_FILL_IO_NORTH_12_0	iovdd	VDDIO
IO_FILL_IO_NORTH_12_0	iovss	VSSIO
IO_FILL_IO_NORTH_12_0	vdd	VDD
IO_FILL_IO_NORTH_12_0	vss	VSS
IO_FILL_IO_NORTH_13_0	iovdd	VDDIO
IO_FILL_IO_NORTH_13_0	iovss	VSSIO
IO_FILL_IO_NORTH_13_0	vdd	VDD
IO_FILL_IO_NORTH_13_0	vss	VSS
IO_FILL_IO_NORTH_14_0	iovdd	VDDIO
IO_FILL_IO_NORTH_14_0	iovss	VSSIO
IO_FILL_IO_NORTH_14_0	vdd	VDD
IO_FILL_IO_NORTH_14_0	vss	VSS
IO_FILL_IO_SOUTH_0_0	iovdd	VDDIO
IO_FILL_IO_SOUTH_0_0	iovss	VSSIO
IO_FILL_IO_SOUTH_0_0	vdd	VDD
IO_FILL_IO_SOUTH_0_0	vss	VSS
IO_FILL_IO_SOUTH_1_0	iovdd	VDDIO
IO_FILL_IO_SOUTH_1_0	iovss	VSSIO
IO_FILL_IO_SOUTH_1_0	vdd	VDD
IO_FILL_IO_SOUTH_1_0	vss	VSS
IO_FILL_IO_SOUTH_2_0	iovdd	VDDIO
IO_FILL_IO_SOUTH_2_0	iovss	VSSIO
IO_FILL_IO_SOUTH_2_0	vdd	VDD
IO_FILL_IO_SOUTH_2_0	vss	VSS
IO_FILL_IO_SOUTH_3_0	iovdd	VDDIO
IO_FILL_IO_SOUTH_3_0	iovss	VSSIO
IO_FILL_IO_SOUTH_3_0	vdd	VDD
IO_FILL_IO_SOUTH_3_0	vss	VSS
IO_FILL_IO_SOUTH_4_0	iovdd	VDDIO
IO_FILL_IO_SOUTH_4_0	iovss	VSSIO
IO_FILL_IO_SOUTH_4_0	vdd	VDD
IO_FILL_IO_SOUTH_4_0	vss	VSS
IO_FILL_IO_SOUTH_5_0	iovdd	VDDIO
IO_FILL_IO_SOUTH_5_0	iovss	VSSIO
IO_FILL_IO_SOUTH_5_0	vdd	VDD
IO_FILL_IO_SOUTH_5_0	vss	VSS
IO_FILL_IO_SOUTH_6_0	iovdd	VDDIO
IO_FILL_IO_SOUTH_6_0	iovss	VSSIO
IO_FILL_IO_SOUTH_6_0	vdd	VDD
IO_FILL_IO_SOUTH_6_0	vss	VSS
IO_FILL_IO_SOUTH_7_0	iovdd	VDDIO
IO_FILL_IO_SOUTH_7_0	iovss	VSSIO
IO_FILL_IO_SOUTH_7_0	vdd	VDD
IO_FILL_IO_SOUTH_7_0	vss	VSS
IO_FILL_IO_SOUTH_8_0	iovdd	VDDIO
IO_FILL_IO_SOUTH_8_0	iovss	VSSIO
IO_FILL_IO_SOUTH_8_0	vdd	VDD
IO_FILL_IO_SOUTH_8_0	vss	VSS
IO_FILL_IO_SOUTH_9_0	iovdd	VDDIO
IO_FILL_IO_SOUTH_9_0	iovss	VSSIO
IO_FILL_IO_SOUTH_9_0	vdd	VDD
IO_FILL_IO_SOUTH_9_0	vss	VSS
IO_FILL_IO_SOUTH_10_0	iovdd	VDDIO
IO_FILL_IO_SOUTH_10_0	iovss	VSSIO
IO_FILL_IO_SOUTH_10_0	vdd	VDD
IO_FILL_IO_SOUTH_10_0	vss	VSS
IO_FILL_IO_SOUTH_11_0	iovdd	VDDIO
IO_FILL_IO_SOUTH_11_0	iovss	VSSIO
IO_FILL_IO_SOUTH_11_0	vdd	VDD
IO_FILL_IO_SOUTH_11_0	vss	VSS
IO_FILL_IO_SOUTH_12_0	iovdd	VDDIO
IO_FILL_IO_SOUTH_12_0	iovss	VSSIO
IO_FILL_IO_SOUTH_12_0	vdd	VDD
IO_FILL_IO_SOUTH_12_0	vss	VSS
IO_FILL_IO_SOUTH_13_0	iovdd	VDDIO
IO_FILL_IO_SOUTH_13_0	iovss	VSSIO
IO_FILL_IO_SOUTH_13_0	vdd	VDD
IO_FILL_IO_SOUTH_13_0	vss	VSS
IO_FILL_IO_SOUTH_14_0	iovdd	VDDIO
IO_FILL_IO_SOUTH_14_0	iovss	VSSIO
IO_FILL_IO_SOUTH_14_0	vdd	VDD
IO_FILL_IO_SOUTH_14_0	vss	VSS
IO_FILL_IO_WEST_0_0	iovdd	VDDIO
IO_FILL_IO_WEST_0_0	iovss	VSSIO
IO_FILL_IO_WEST_0_0	vdd	VDD
IO_FILL_IO_WEST_0_0	vss	VSS
IO_FILL_IO_WEST_1_0	iovdd	VDDIO
IO_FILL_IO_WEST_1_0	iovss	VSSIO
IO_FILL_IO_WEST_1_0	vdd	VDD
IO_FILL_IO_WEST_1_0	vss	VSS
IO_FILL_IO_WEST_2_0	iovdd	VDDIO
IO_FILL_IO_WEST_2_0	iovss	VSSIO
IO_FILL_IO_WEST_2_0	vdd	VDD
IO_FILL_IO_WEST_2_0	vss	VSS
IO_FILL_IO_WEST_3_0	iovdd	VDDIO
IO_FILL_IO_WEST_3_0	iovss	VSSIO
IO_FILL_IO_WEST_3_0	vdd	VDD
IO_FILL_IO_WEST_3_0	vss	VSS
IO_FILL_IO_WEST_4_0	iovdd	VDDIO
IO_FILL_IO_WEST_4_0	iovss	VSSIO
IO_FILL_IO_WEST_4_0	vdd	VDD
IO_FILL_IO_WEST_4_0	vss	VSS
IO_FILL_IO_WEST_5_0	iovdd	VDDIO
IO_FILL_IO_WEST_5_0	iovss	VSSIO
IO_FILL_IO_WEST_5_0	vdd	VDD
IO_FILL_IO_WEST_5_0	vss	VSS
IO_FILL_IO_WEST_6_0	iovdd	VDDIO
IO_FILL_IO_WEST_6_0	iovss	VSSIO
IO_FILL_IO_WEST_6_0	vdd	VDD
IO_FILL_IO_WEST_6_0	vss	VSS
IO_FILL_IO_WEST_7_0	iovdd	VDDIO
IO_FILL_IO_WEST_7_0	iovss	VSSIO
IO_FILL_IO_WEST_7_0	vdd	VDD
IO_FILL_IO_WEST_7_0	vss	VSS
IO_FILL_IO_WEST_8_0	iovdd	VDDIO
IO_FILL_IO_WEST_8_0	iovss	VSSIO
IO_FILL_IO_WEST_8_0	vdd	VDD
IO_FILL_IO_WEST_8_0	vss	VSS
IO_FILL_IO_WEST_9_0	iovdd	VDDIO
IO_FILL_IO_WEST_9_0	iovss	VSSIO
IO_FILL_IO_WEST_9_0	vdd	VDD
IO_FILL_IO_WEST_9_0	vss	VSS
IO_FILL_IO_WEST_10_0	iovdd	VDDIO
IO_FILL_IO_WEST_10_0	iovss	VSSIO
IO_FILL_IO_WEST_10_0	vdd	VDD
IO_FILL_IO_WEST_10_0	vss	VSS
IO_FILL_IO_WEST_11_0	iovdd	VDDIO
IO_FILL_IO_WEST_11_0	iovss	VSSIO
IO_FILL_IO_WEST_11_0	vdd	VDD
IO_FILL_IO_WEST_11_0	vss	VSS
IO_FILL_IO_WEST_12_0	iovdd	VDDIO
IO_FILL_IO_WEST_12_0	iovss	VSSIO
IO_FILL_IO_WEST_12_0	vdd	VDD
IO_FILL_IO_WEST_12_0	vss	VSS
IO_FILL_IO_WEST_13_0	iovdd	VDDIO
IO_FILL_IO_WEST_13_0	iovss	VSSIO
IO_FILL_IO_WEST_13_0	vdd	VDD
IO_FILL_IO_WEST_13_0	vss	VSS
IO_FILL_IO_WEST_14_0	iovdd	VDDIO
IO_FILL_IO_WEST_14_0	iovss	VSSIO
IO_FILL_IO_WEST_14_0	vdd	VDD
IO_FILL_IO_WEST_14_0	vss	VSS
IO_FILL_IO_EAST_0_0	iovdd	VDDIO
IO_FILL_IO_EAST_0_0	iovss	VSSIO
IO_FILL_IO_EAST_0_0	vdd	VDD
IO_FILL_IO_EAST_0_0	vss	VSS
IO_FILL_IO_EAST_1_0	iovdd	VDDIO
IO_FILL_IO_EAST_1_0	iovss	VSSIO
IO_FILL_IO_EAST_1_0	vdd	VDD
IO_FILL_IO_EAST_1_0	vss	VSS
IO_FILL_IO_EAST_2_0	iovdd	VDDIO
IO_FILL_IO_EAST_2_0	iovss	VSSIO
IO_FILL_IO_EAST_2_0	vdd	VDD
IO_FILL_IO_EAST_2_0	vss	VSS
IO_FILL_IO_EAST_3_0	iovdd	VDDIO
IO_FILL_IO_EAST_3_0	iovss	VSSIO
IO_FILL_IO_EAST_3_0	vdd	VDD
IO_FILL_IO_EAST_3_0	vss	VSS
IO_FILL_IO_EAST_4_0	iovdd	VDDIO
IO_FILL_IO_EAST_4_0	iovss	VSSIO
IO_FILL_IO_EAST_4_0	vdd	VDD
IO_FILL_IO_EAST_4_0	vss	VSS
IO_FILL_IO_EAST_5_0	iovdd	VDDIO
IO_FILL_IO_EAST_5_0	iovss	VSSIO
IO_FILL_IO_EAST_5_0	vdd	VDD
IO_FILL_IO_EAST_5_0	vss	VSS
IO_FILL_IO_EAST_6_0	iovdd	VDDIO
IO_FILL_IO_EAST_6_0	iovss	VSSIO
IO_FILL_IO_EAST_6_0	vdd	VDD
IO_FILL_IO_EAST_6_0	vss	VSS
IO_FILL_IO_EAST_7_0	iovdd	VDDIO
IO_FILL_IO_EAST_7_0	iovss	VSSIO
IO_FILL_IO_EAST_7_0	vdd	VDD
IO_FILL_IO_EAST_7_0	vss	VSS
IO_FILL_IO_EAST_8_0	iovdd	VDDIO
IO_FILL_IO_EAST_8_0	iovss	VSSIO
IO_FILL_IO_EAST_8_0	vdd	VDD
IO_FILL_IO_EAST_8_0	vss	VSS
IO_FILL_IO_EAST_9_0	iovdd	VDDIO
IO_FILL_IO_EAST_9_0	iovss	VSSIO
IO_FILL_IO_EAST_9_0	vdd	VDD
IO_FILL_IO_EAST_9_0	vss	VSS
IO_FILL_IO_EAST_10_0	iovdd	VDDIO
IO_FILL_IO_EAST_10_0	iovss	VSSIO
IO_FILL_IO_EAST_10_0	vdd	VDD
IO_FILL_IO_EAST_10_0	vss	VSS
IO_FILL_IO_EAST_11_0	iovdd	VDDIO
IO_FILL_IO_EAST_11_0	iovss	VSSIO
IO_FILL_IO_EAST_11_0	vdd	VDD
IO_FILL_IO_EAST_11_0	vss	VSS
IO_FILL_IO_EAST_12_0	iovdd	VDDIO
IO_FILL_IO_EAST_12_0	iovss	VSSIO
IO_FILL_IO_EAST_12_0	vdd	VDD
IO_FILL_IO_EAST_12_0	vss	VSS
IO_FILL_IO_EAST_13_0	iovdd	VDDIO
IO_FILL_IO_EAST_13_0	iovss	VSSIO
IO_FILL_IO_EAST_13_0	vdd	VDD
IO_FILL_IO_EAST_13_0	vss	VSS
IO_FILL_IO_EAST_14_0	iovdd	VDDIO
IO_FILL_IO_EAST_14_0	iovss	VSSIO
IO_FILL_IO_EAST_14_0	vdd	VDD
IO_FILL_IO_EAST_14_0	vss	VSS
IO_BOND_pad_clk_i	pad	UNCONNECTED
IO_BOND_pad_gpio0_io	pad	UNCONNECTED
IO_BOND_pad_gpio10_io	pad	UNCONNECTED
IO_BOND_pad_gpio11_io	pad	UNCONNECTED
IO_BOND_pad_gpio12_io	pad	UNCONNECTED
IO_BOND_pad_gpio13_io	pad	UNCONNECTED
IO_BOND_pad_gpio14_io	pad	UNCONNECTED
IO_BOND_pad_gpio15_io	pad	UNCONNECTED
IO_BOND_pad_gpio16_io	pad	UNCONNECTED
IO_BOND_pad_gpio17_io	pad	UNCONNECTED
IO_BOND_pad_gpio18_io	pad	UNCONNECTED
IO_BOND_pad_gpio19_io	pad	UNCONNECTED
IO_BOND_pad_gpio1_io	pad	UNCONNECTED
IO_BOND_pad_gpio20_io	pad	UNCONNECTED
IO_BOND_pad_gpio21_io	pad	UNCONNECTED
IO_BOND_pad_gpio22_io	pad	UNCONNECTED
IO_BOND_pad_gpio23_io	pad	UNCONNECTED
IO_BOND_pad_gpio24_io	pad	UNCONNECTED
IO_BOND_pad_gpio25_io	pad	UNCONNECTED
IO_BOND_pad_gpio26_io	pad	UNCONNECTED
IO_BOND_pad_gpio27_io	pad	UNCONNECTED
IO_BOND_pad_gpio28_io	pad	UNCONNECTED
IO_BOND_pad_gpio29_io	pad	UNCONNECTED
IO_BOND_pad_gpio2_io	pad	UNCONNECTED
IO_BOND_pad_gpio30_io	pad	UNCONNECTED
IO_BOND_pad_gpio31_io	pad	UNCONNECTED
IO_BOND_pad_gpio3_io	pad	UNCONNECTED
IO_BOND_pad_gpio4_io	pad	UNCONNECTED
IO_BOND_pad_gpio5_io	pad	UNCONNECTED
IO_BOND_pad_gpio6_io	pad	UNCONNECTED
IO_BOND_pad_gpio7_io	pad	UNCONNECTED
IO_BOND_pad_gpio8_io	pad	UNCONNECTED
IO_BOND_pad_gpio9_io	pad	UNCONNECTED
IO_BOND_pad_jtag_tck_i	pad	UNCONNECTED
IO_BOND_pad_jtag_tdi_i	pad	UNCONNECTED
IO_BOND_pad_jtag_tdo_o	pad	UNCONNECTED
IO_BOND_pad_jtag_tms_i	pad	UNCONNECTED
IO_BOND_pad_jtag_trst_ni	pad	UNCONNECTED
IO_BOND_pad_ref_clk_i	pad	UNCONNECTED
IO_BOND_pad_rst_ni	pad	UNCONNECTED
IO_BOND_pad_status_o	pad	UNCONNECTED
IO_BOND_pad_testmode_i	pad	UNCONNECTED
IO_BOND_pad_uart_rx_i	pad	UNCONNECTED
IO_BOND_pad_uart_tx_o	pad	UNCONNECTED
IO_BOND_pad_unused0_o	pad	UNCONNECTED
IO_BOND_pad_unused1_o	pad	UNCONNECTED
IO_BOND_pad_unused2_o	pad	UNCONNECTED
IO_BOND_pad_unused3_o	pad	UNCONNECTED
IO_BOND_pad_vdd0	pad	UNCONNECTED
IO_BOND_pad_vdd1	pad	UNCONNECTED
IO_BOND_pad_vdd2	pad	UNCONNECTED
IO_BOND_pad_vdd3	pad	UNCONNECTED
IO_BOND_pad_vddio0	pad	UNCONNECTED
IO_BOND_pad_vddio1	pad	UNCONNECTED
IO_BOND_pad_vddio2	pad	UNCONNECTED
IO_BOND_pad_vddio3	pad	UNCONNECTED
IO_BOND_pad_vss0	pad	UNCONNECTED
IO_BOND_pad_vss1	pad	UNCONNECTED
IO_BOND_pad_vss2	pad	UNCONNECTED
IO_BOND_pad_vss3	pad	UNCONNECTED
IO_BOND_pad_vssio0	pad	UNCONNECTED
IO_BOND_pad_vssio1	pad	UNCONNECTED
IO_BOND_pad_vssio2	pad	UNCONNECTED
IO_BOND_pad_vssio3	pad	UNCONNECTED
