buffer	original_net	load_pin
eco_sram_cap_b0_d00	net5481	i_croc_soc/i_croc/_6871_/B2
eco_sram_cap_b0_d00	net5481	i_croc_soc/i_croc/_7261_/B2
eco_sram_cap_b0_d00	net5481	i_croc_soc/i_croc/_6015_/B2
eco_sram_cap_b0_d00	net5481	i_croc_soc/i_croc/_6677_/B2
eco_sram_cap_b0_d01	net5470	i_croc_soc/i_croc/_6878_/B2
eco_sram_cap_b0_d01	net5470	i_croc_soc/i_croc/_6195_/B2
eco_sram_cap_b0_d01	net5470	i_croc_soc/i_croc/_7259_/B2
eco_sram_cap_b0_d01	net5470	i_croc_soc/i_croc/_6684_/B2
eco_sram_cap_b0_d02	net5459	i_croc_soc/i_croc/_6882_/B2
eco_sram_cap_b0_d02	net5459	i_croc_soc/i_croc/_6338_/B2
eco_sram_cap_b0_d02	net5459	i_croc_soc/i_croc/_7251_/B2
eco_sram_cap_b0_d02	net5459	i_croc_soc/i_croc/_6688_/B2
eco_sram_cap_b0_d03	net5456	i_croc_soc/i_croc/_6886_/B2
eco_sram_cap_b0_d03	net5456	i_croc_soc/i_croc/_6375_/B2
eco_sram_cap_b0_d03	net5456	i_croc_soc/i_croc/_7247_/B2
eco_sram_cap_b0_d03	net5456	i_croc_soc/i_croc/_6692_/B2
eco_sram_cap_b0_d04	net5455	i_croc_soc/i_croc/_6890_/B2
eco_sram_cap_b0_d04	net5455	i_croc_soc/i_croc/_6387_/B2
eco_sram_cap_b0_d04	net5455	i_croc_soc/i_croc/_7243_/B2
eco_sram_cap_b0_d04	net5455	i_croc_soc/i_croc/_6696_/B2
eco_sram_cap_b0_d05	net5454	i_croc_soc/i_croc/_6727_/B2
eco_sram_cap_b0_d05	net5454	i_croc_soc/i_croc/_7235_/B2
eco_sram_cap_b0_d05	net5454	i_croc_soc/i_croc/_6391_/B2
eco_sram_cap_b0_d05	net5454	i_croc_soc/i_croc/_6534_/B2
eco_sram_cap_b0_d06	net5453	i_croc_soc/i_croc/_6739_/B2
eco_sram_cap_b0_d06	net5453	i_croc_soc/i_croc/_7230_/B2
eco_sram_cap_b0_d06	net5453	i_croc_soc/i_croc/_6404_/B2
eco_sram_cap_b0_d06	net5453	i_croc_soc/i_croc/_6546_/B2
eco_sram_cap_b0_d07	net5452	i_croc_soc/i_croc/_6551_/B2
eco_sram_cap_b0_d07	net5452	i_croc_soc/i_croc/_6744_/B2
eco_sram_cap_b0_d07	net5452	i_croc_soc/i_croc/_7225_/B2
eco_sram_cap_b0_d07	net5452	i_croc_soc/i_croc/_6417_/B2
eco_sram_cap_b0_d08	net5451	i_croc_soc/i_croc/_6566_/B2
eco_sram_cap_b0_d08	net5451	i_croc_soc/i_croc/_6759_/B2
eco_sram_cap_b0_d08	net5451	i_croc_soc/i_croc/_6438_/B2
eco_sram_cap_b0_d08	net5451	i_croc_soc/i_croc/_7223_/B2
eco_sram_cap_b0_d09	net5450	i_croc_soc/i_croc/_6764_/B2
eco_sram_cap_b0_d09	net5450	i_croc_soc/i_croc/_6571_/B2
eco_sram_cap_b0_d09	net5450	i_croc_soc/i_croc/_7219_/B2
eco_sram_cap_b0_d09	net5450	i_croc_soc/i_croc/_6450_/B2
eco_sram_cap_b0_d10	net5480	i_croc_soc/i_croc/_6766_/B2
eco_sram_cap_b0_d10	net5480	i_croc_soc/i_croc/_7210_/B2
eco_sram_cap_b0_d10	net5480	i_croc_soc/i_croc/_6040_/B2
eco_sram_cap_b0_d10	net5480	i_croc_soc/i_croc/_6573_/B2
eco_sram_cap_b0_d11	net5479	i_croc_soc/i_croc/_6773_/B2
eco_sram_cap_b0_d11	net5479	i_croc_soc/i_croc/_6079_/B2
eco_sram_cap_b0_d11	net5479	i_croc_soc/i_croc/_7208_/B2
eco_sram_cap_b0_d11	net5479	i_croc_soc/i_croc/_6580_/B2
eco_sram_cap_b0_d12	net5478	i_croc_soc/i_croc/_6775_/B2
eco_sram_cap_b0_d12	net5478	i_croc_soc/i_croc/_7195_/B2
eco_sram_cap_b0_d12	net5478	i_croc_soc/i_croc/_6083_/B2
eco_sram_cap_b0_d12	net5478	i_croc_soc/i_croc/_6582_/B2
eco_sram_cap_b0_d13	net5477	i_croc_soc/i_croc/_6782_/B2
eco_sram_cap_b0_d13	net5477	i_croc_soc/i_croc/_6104_/B2
eco_sram_cap_b0_d13	net5477	i_croc_soc/i_croc/_7193_/B2
eco_sram_cap_b0_d13	net5477	i_croc_soc/i_croc/_6589_/B2
eco_sram_cap_b0_d14	net5476	i_croc_soc/i_croc/_6784_/B2
eco_sram_cap_b0_d14	net5476	i_croc_soc/i_croc/_7185_/B2
eco_sram_cap_b0_d14	net5476	i_croc_soc/i_croc/_6108_/B2
eco_sram_cap_b0_d14	net5476	i_croc_soc/i_croc/_6591_/B2
eco_sram_cap_b0_d15	net5475	i_croc_soc/i_croc/_6791_/B2
eco_sram_cap_b0_d15	net5475	i_croc_soc/i_croc/_6130_/B2
eco_sram_cap_b0_d15	net5475	i_croc_soc/i_croc/_7183_/B2
eco_sram_cap_b0_d15	net5475	i_croc_soc/i_croc/_6598_/B2
eco_sram_cap_b0_d16	net5474	i_croc_soc/i_croc/_6793_/B2
eco_sram_cap_b0_d16	net5474	i_croc_soc/i_croc/_7176_/B2
eco_sram_cap_b0_d16	net5474	i_croc_soc/i_croc/_6134_/B2
eco_sram_cap_b0_d16	net5474	i_croc_soc/i_croc/_6600_/B2
eco_sram_cap_b0_d17	net5473	i_croc_soc/i_croc/_6798_/B2
eco_sram_cap_b0_d17	net5473	i_croc_soc/i_croc/_7171_/B2
eco_sram_cap_b0_d17	net5473	i_croc_soc/i_croc/_6148_/B2
eco_sram_cap_b0_d17	net5473	i_croc_soc/i_croc/_6605_/B2
eco_sram_cap_b0_d18	net5472	i_croc_soc/i_croc/_6805_/B2
eco_sram_cap_b0_d18	net5472	i_croc_soc/i_croc/_6169_/B2
eco_sram_cap_b0_d18	net5472	i_croc_soc/i_croc/_7169_/B2
eco_sram_cap_b0_d18	net5472	i_croc_soc/i_croc/_6612_/B2
eco_sram_cap_b0_d19	net5471	i_croc_soc/i_croc/_6809_/B2
eco_sram_cap_b0_d19	net5471	i_croc_soc/i_croc/_6182_/B2
eco_sram_cap_b0_d19	net5471	i_croc_soc/i_croc/_7165_/B2
eco_sram_cap_b0_d19	net5471	i_croc_soc/i_croc/_6616_/B2
eco_sram_cap_b0_d20	net5469	i_croc_soc/i_croc/_6814_/B2
eco_sram_cap_b0_d20	net5469	i_croc_soc/i_croc/_7161_/B2
eco_sram_cap_b0_d20	net5469	i_croc_soc/i_croc/_6208_/B2
eco_sram_cap_b0_d20	net5469	i_croc_soc/i_croc/_6621_/B2
eco_sram_cap_b0_d21	net5468	i_croc_soc/i_croc/_6816_/B2
eco_sram_cap_b0_d21	net5468	i_croc_soc/i_croc/_7153_/B2
eco_sram_cap_b0_d21	net5468	i_croc_soc/i_croc/_6212_/B2
eco_sram_cap_b0_d21	net5468	i_croc_soc/i_croc/_6623_/B2
eco_sram_cap_b0_d22	net5467	i_croc_soc/i_croc/_6823_/B2
eco_sram_cap_b0_d22	net5467	i_croc_soc/i_croc/_6236_/B2
eco_sram_cap_b0_d22	net5467	i_croc_soc/i_croc/_7312_/B2
eco_sram_cap_b0_d22	net5467	i_croc_soc/i_croc/_6630_/B2
eco_sram_cap_b0_d23	net5466	i_croc_soc/i_croc/_6830_/B2
eco_sram_cap_b0_d23	net5466	i_croc_soc/i_croc/_6248_/B2
eco_sram_cap_b0_d23	net5466	i_croc_soc/i_croc/_7308_/B2
eco_sram_cap_b0_d23	net5466	i_croc_soc/i_croc/_6637_/B2
eco_sram_cap_b0_d24	net5465	i_croc_soc/i_croc/_6832_/B2
eco_sram_cap_b0_d24	net5465	i_croc_soc/i_croc/_7301_/B2
eco_sram_cap_b0_d24	net5465	i_croc_soc/i_croc/_6252_/B2
eco_sram_cap_b0_d24	net5465	i_croc_soc/i_croc/_6639_/B2
eco_sram_cap_b0_d25	net5464	i_croc_soc/i_croc/_6839_/B2
eco_sram_cap_b0_d25	net5464	i_croc_soc/i_croc/_6277_/B2
eco_sram_cap_b0_d25	net5464	i_croc_soc/i_croc/_7299_/B2
eco_sram_cap_b0_d25	net5464	i_croc_soc/i_croc/_6646_/B2
eco_sram_cap_b0_d26	net5463	i_croc_soc/i_croc/_6841_/B2
eco_sram_cap_b0_d26	net5463	i_croc_soc/i_croc/_7292_/B2
eco_sram_cap_b0_d26	net5463	i_croc_soc/i_croc/_6281_/B2
eco_sram_cap_b0_d26	net5463	i_croc_soc/i_croc/_6648_/B2
eco_sram_cap_b0_d27	net5462	i_croc_soc/i_croc/_6848_/B2
eco_sram_cap_b0_d27	net5462	i_croc_soc/i_croc/_6302_/B2
eco_sram_cap_b0_d27	net5462	i_croc_soc/i_croc/_7290_/B2
eco_sram_cap_b0_d27	net5462	i_croc_soc/i_croc/_6655_/B2
eco_sram_cap_b0_d28	net5461	i_croc_soc/i_croc/_6852_/B2
eco_sram_cap_b0_d28	net5461	i_croc_soc/i_croc/_6314_/B2
eco_sram_cap_b0_d28	net5461	i_croc_soc/i_croc/_7255_/B2
eco_sram_cap_b0_d28	net5461	i_croc_soc/i_croc/_6659_/B2
eco_sram_cap_b0_d29	net5460	i_croc_soc/i_croc/_6856_/B2
eco_sram_cap_b0_d29	net5460	i_croc_soc/i_croc/_6326_/B2
eco_sram_cap_b0_d29	net5460	i_croc_soc/i_croc/_7203_/B2
eco_sram_cap_b0_d29	net5460	i_croc_soc/i_croc/_6663_/B2
eco_sram_cap_b0_d30	net5458	i_croc_soc/i_croc/_6858_/B2
eco_sram_cap_b0_d30	net5458	i_croc_soc/i_croc/_7143_/B2
eco_sram_cap_b0_d30	net5458	i_croc_soc/i_croc/_6342_/B2
eco_sram_cap_b0_d30	net5458	i_croc_soc/i_croc/_6665_/B2
eco_sram_cap_b0_d31	net5457	i_croc_soc/i_croc/_6865_/B2
eco_sram_cap_b0_d31	net5457	i_croc_soc/i_croc/_6363_/B2
eco_sram_cap_b0_d31	net5457	i_croc_soc/i_croc/_7138_/B2
eco_sram_cap_b0_d31	net5457	i_croc_soc/i_croc/_6672_/B2
eco_sram_cap_b1_d00	net5448	i_croc_soc/i_croc/_6872_/A1
eco_sram_cap_b1_d00	net5448	i_croc_soc/i_croc/_7262_/A1
eco_sram_cap_b1_d00	net5448	i_croc_soc/i_croc/_6037_/A1
eco_sram_cap_b1_d00	net5448	i_croc_soc/i_croc/_6678_/A1
eco_sram_cap_b1_d01	net5437	i_croc_soc/i_croc/_6876_/A
eco_sram_cap_b1_d01	net5437	i_croc_soc/i_croc/_6197_/A1
eco_sram_cap_b1_d01	net5437	i_croc_soc/i_croc/_7257_/A
eco_sram_cap_b1_d01	net5437	i_croc_soc/i_croc/_6682_/A
eco_sram_cap_b1_d02	net5426	i_croc_soc/i_croc/_6880_/A
eco_sram_cap_b1_d02	net5426	i_croc_soc/i_croc/_6340_/A1
eco_sram_cap_b1_d02	net5426	i_croc_soc/i_croc/_7249_/A
eco_sram_cap_b1_d02	net5426	i_croc_soc/i_croc/_6686_/A
eco_sram_cap_b1_d03	net5423	i_croc_soc/i_croc/_6884_/A
eco_sram_cap_b1_d03	net5423	i_croc_soc/i_croc/_6377_/A1
eco_sram_cap_b1_d03	net5423	i_croc_soc/i_croc/_7245_/A
eco_sram_cap_b1_d03	net5423	i_croc_soc/i_croc/_6690_/A
eco_sram_cap_b1_d04	net5422	i_croc_soc/i_croc/_6888_/A
eco_sram_cap_b1_d04	net5422	i_croc_soc/i_croc/_6389_/A1
eco_sram_cap_b1_d04	net5422	i_croc_soc/i_croc/_7240_/A
eco_sram_cap_b1_d04	net5422	i_croc_soc/i_croc/_6694_/A
eco_sram_cap_b1_d05	net5421	i_croc_soc/i_croc/_6730_/A1
eco_sram_cap_b1_d05	net5421	i_croc_soc/i_croc/_7236_/A1
eco_sram_cap_b1_d05	net5421	i_croc_soc/i_croc/_6402_/A1
eco_sram_cap_b1_d05	net5421	i_croc_soc/i_croc/_6537_/A1
eco_sram_cap_b1_d06	net5420	i_croc_soc/i_croc/_6740_/A1
eco_sram_cap_b1_d06	net5420	i_croc_soc/i_croc/_7231_/A1
eco_sram_cap_b1_d06	net5420	i_croc_soc/i_croc/_6415_/A1
eco_sram_cap_b1_d06	net5420	i_croc_soc/i_croc/_6547_/A1
eco_sram_cap_b1_d07	net5419	i_croc_soc/i_croc/_6745_/A1
eco_sram_cap_b1_d07	net5419	i_croc_soc/i_croc/_7226_/A1
eco_sram_cap_b1_d07	net5419	i_croc_soc/i_croc/_6428_/A1
eco_sram_cap_b1_d07	net5419	i_croc_soc/i_croc/_6552_/A1
eco_sram_cap_b1_d08	net5418	i_croc_soc/i_croc/_6751_/A
eco_sram_cap_b1_d08	net5418	i_croc_soc/i_croc/_6440_/A1
eco_sram_cap_b1_d08	net5418	i_croc_soc/i_croc/_7221_/A
eco_sram_cap_b1_d08	net5418	i_croc_soc/i_croc/_6558_/A
eco_sram_cap_b1_d09	net5417	i_croc_soc/i_croc/_6761_/A
eco_sram_cap_b1_d09	net5417	i_croc_soc/i_croc/_6452_/A1
eco_sram_cap_b1_d09	net5417	i_croc_soc/i_croc/_7215_/A
eco_sram_cap_b1_d09	net5417	i_croc_soc/i_croc/_6568_/A
eco_sram_cap_b1_d10	net5447	i_croc_soc/i_croc/_6767_/A1
eco_sram_cap_b1_d10	net5447	i_croc_soc/i_croc/_7211_/A1
eco_sram_cap_b1_d10	net5447	i_croc_soc/i_croc/_6054_/A1
eco_sram_cap_b1_d10	net5447	i_croc_soc/i_croc/_6574_/A1
eco_sram_cap_b1_d11	net5446	i_croc_soc/i_croc/_6771_/A
eco_sram_cap_b1_d11	net5446	i_croc_soc/i_croc/_6081_/A1
eco_sram_cap_b1_d11	net5446	i_croc_soc/i_croc/_7206_/A
eco_sram_cap_b1_d11	net5446	i_croc_soc/i_croc/_6578_/A
eco_sram_cap_b1_d12	net5445	i_croc_soc/i_croc/_6776_/A1
eco_sram_cap_b1_d12	net5445	i_croc_soc/i_croc/_7196_/A1
eco_sram_cap_b1_d12	net5445	i_croc_soc/i_croc/_6094_/A1
eco_sram_cap_b1_d12	net5445	i_croc_soc/i_croc/_6583_/A1
eco_sram_cap_b1_d13	net5444	i_croc_soc/i_croc/_6780_/A
eco_sram_cap_b1_d13	net5444	i_croc_soc/i_croc/_6106_/A1
eco_sram_cap_b1_d13	net5444	i_croc_soc/i_croc/_7191_/A
eco_sram_cap_b1_d13	net5444	i_croc_soc/i_croc/_6587_/A
eco_sram_cap_b1_d14	net5443	i_croc_soc/i_croc/_6785_/A1
eco_sram_cap_b1_d14	net5443	i_croc_soc/i_croc/_7186_/A1
eco_sram_cap_b1_d14	net5443	i_croc_soc/i_croc/_6119_/A1
eco_sram_cap_b1_d14	net5443	i_croc_soc/i_croc/_6592_/A1
eco_sram_cap_b1_d15	net5442	i_croc_soc/i_croc/_6789_/A
eco_sram_cap_b1_d15	net5442	i_croc_soc/i_croc/_6132_/A1
eco_sram_cap_b1_d15	net5442	i_croc_soc/i_croc/_7181_/A
eco_sram_cap_b1_d15	net5442	i_croc_soc/i_croc/_6596_/A
eco_sram_cap_b1_d16	net5441	i_croc_soc/i_croc/_6794_/A1
eco_sram_cap_b1_d16	net5441	i_croc_soc/i_croc/_7177_/A1
eco_sram_cap_b1_d16	net5441	i_croc_soc/i_croc/_6146_/A1
eco_sram_cap_b1_d16	net5441	i_croc_soc/i_croc/_6601_/A1
eco_sram_cap_b1_d17	net5440	i_croc_soc/i_croc/_6799_/A1
eco_sram_cap_b1_d17	net5440	i_croc_soc/i_croc/_7172_/A1
eco_sram_cap_b1_d17	net5440	i_croc_soc/i_croc/_6159_/A1
eco_sram_cap_b1_d17	net5440	i_croc_soc/i_croc/_6606_/A1
eco_sram_cap_b1_d18	net5439	i_croc_soc/i_croc/_6803_/A
eco_sram_cap_b1_d18	net5439	i_croc_soc/i_croc/_6171_/A1
eco_sram_cap_b1_d18	net5439	i_croc_soc/i_croc/_7167_/A
eco_sram_cap_b1_d18	net5439	i_croc_soc/i_croc/_6610_/A
eco_sram_cap_b1_d19	net5438	i_croc_soc/i_croc/_6807_/A
eco_sram_cap_b1_d19	net5438	i_croc_soc/i_croc/_6184_/A1
eco_sram_cap_b1_d19	net5438	i_croc_soc/i_croc/_7163_/A
eco_sram_cap_b1_d19	net5438	i_croc_soc/i_croc/_6614_/A
eco_sram_cap_b1_d20	net5436	i_croc_soc/i_croc/_6812_/A
eco_sram_cap_b1_d20	net5436	i_croc_soc/i_croc/_6210_/A1
eco_sram_cap_b1_d20	net5436	i_croc_soc/i_croc/_7158_/A
eco_sram_cap_b1_d20	net5436	i_croc_soc/i_croc/_6619_/A
eco_sram_cap_b1_d21	net5435	i_croc_soc/i_croc/_6817_/A1
eco_sram_cap_b1_d21	net5435	i_croc_soc/i_croc/_7154_/A1
eco_sram_cap_b1_d21	net5435	i_croc_soc/i_croc/_6223_/A1
eco_sram_cap_b1_d21	net5435	i_croc_soc/i_croc/_6624_/A1
eco_sram_cap_b1_d22	net5434	i_croc_soc/i_croc/_6821_/A
eco_sram_cap_b1_d22	net5434	i_croc_soc/i_croc/_6238_/A1
eco_sram_cap_b1_d22	net5434	i_croc_soc/i_croc/_7310_/A
eco_sram_cap_b1_d22	net5434	i_croc_soc/i_croc/_6628_/A
eco_sram_cap_b1_d23	net5433	i_croc_soc/i_croc/_6826_/A
eco_sram_cap_b1_d23	net5433	i_croc_soc/i_croc/_6250_/A1
eco_sram_cap_b1_d23	net5433	i_croc_soc/i_croc/_7306_/A
eco_sram_cap_b1_d23	net5433	i_croc_soc/i_croc/_6633_/A
eco_sram_cap_b1_d24	net5432	i_croc_soc/i_croc/_6833_/A1
eco_sram_cap_b1_d24	net5432	i_croc_soc/i_croc/_7302_/A1
eco_sram_cap_b1_d24	net5432	i_croc_soc/i_croc/_6263_/A1
eco_sram_cap_b1_d24	net5432	i_croc_soc/i_croc/_6640_/A1
eco_sram_cap_b1_d25	net5431	i_croc_soc/i_croc/_6837_/A
eco_sram_cap_b1_d25	net5431	i_croc_soc/i_croc/_6279_/A1
eco_sram_cap_b1_d25	net5431	i_croc_soc/i_croc/_7297_/A
eco_sram_cap_b1_d25	net5431	i_croc_soc/i_croc/_6644_/A
eco_sram_cap_b1_d26	net5430	i_croc_soc/i_croc/_6842_/A1
eco_sram_cap_b1_d26	net5430	i_croc_soc/i_croc/_7293_/A1
eco_sram_cap_b1_d26	net5430	i_croc_soc/i_croc/_6292_/A1
eco_sram_cap_b1_d26	net5430	i_croc_soc/i_croc/_6649_/A1
eco_sram_cap_b1_d27	net5429	i_croc_soc/i_croc/_6846_/A
eco_sram_cap_b1_d27	net5429	i_croc_soc/i_croc/_6304_/A1
eco_sram_cap_b1_d27	net5429	i_croc_soc/i_croc/_7288_/A
eco_sram_cap_b1_d27	net5429	i_croc_soc/i_croc/_6653_/A
eco_sram_cap_b1_d28	net5428	i_croc_soc/i_croc/_6850_/A
eco_sram_cap_b1_d28	net5428	i_croc_soc/i_croc/_6316_/A1
eco_sram_cap_b1_d28	net5428	i_croc_soc/i_croc/_7253_/A
eco_sram_cap_b1_d28	net5428	i_croc_soc/i_croc/_6657_/A
eco_sram_cap_b1_d29	net5427	i_croc_soc/i_croc/_6854_/A
eco_sram_cap_b1_d29	net5427	i_croc_soc/i_croc/_6661_/A
eco_sram_cap_b1_d29	net5427	i_croc_soc/i_croc/_7201_/A
eco_sram_cap_b1_d29	net5427	i_croc_soc/i_croc/_6328_/A1
eco_sram_cap_b1_d30	net5425	i_croc_soc/i_croc/_6859_/A1
eco_sram_cap_b1_d30	net5425	i_croc_soc/i_croc/_7146_/A1
eco_sram_cap_b1_d30	net5425	i_croc_soc/i_croc/_6353_/A1
eco_sram_cap_b1_d30	net5425	i_croc_soc/i_croc/_6666_/A1
eco_sram_cap_b1_d31	net5424	i_croc_soc/i_croc/_6863_/A
eco_sram_cap_b1_d31	net5424	i_croc_soc/i_croc/_6670_/A
eco_sram_cap_b1_d31	net5424	i_croc_soc/i_croc/_7131_/A
eco_sram_cap_b1_d31	net5424	i_croc_soc/i_croc/_6365_/A1
