parent	buffer	load_pin
clkbuf_2_0_0_soc_clk_i_regs	eco_cts_b0_g0	clkbuf_6_0_0_soc_clk_i_regs/A
clkbuf_2_0_0_soc_clk_i_regs	eco_cts_b0_g0	clkbuf_6_10_0_soc_clk_i_regs/A
clkbuf_2_0_0_soc_clk_i_regs	eco_cts_b0_g0	clkbuf_6_11_0_soc_clk_i_regs/A
clkbuf_2_0_0_soc_clk_i_regs	eco_cts_b0_g0	clkbuf_6_12_0_soc_clk_i_regs/A
clkbuf_2_0_0_soc_clk_i_regs	eco_cts_b0_g0	clkbuf_6_13_0_soc_clk_i_regs/A
clkbuf_2_0_0_soc_clk_i_regs	eco_cts_b0_g0	clkbuf_6_14_0_soc_clk_i_regs/A
clkbuf_2_0_0_soc_clk_i_regs	eco_cts_b0_g0	clkbuf_6_15_0_soc_clk_i_regs/A
clkbuf_2_0_0_soc_clk_i_regs	eco_cts_b0_g0	clkbuf_6_1_0_soc_clk_i_regs/A
clkbuf_2_0_0_soc_clk_i_regs	eco_cts_b0_g1	clkbuf_6_2_0_soc_clk_i_regs/A
clkbuf_2_0_0_soc_clk_i_regs	eco_cts_b0_g1	clkbuf_6_3_0_soc_clk_i_regs/A
clkbuf_2_0_0_soc_clk_i_regs	eco_cts_b0_g1	clkbuf_6_4_0_soc_clk_i_regs/A
clkbuf_2_0_0_soc_clk_i_regs	eco_cts_b0_g1	clkbuf_6_5_0_soc_clk_i_regs/A
clkbuf_2_0_0_soc_clk_i_regs	eco_cts_b0_g1	clkbuf_6_6_0_soc_clk_i_regs/A
clkbuf_2_0_0_soc_clk_i_regs	eco_cts_b0_g1	clkbuf_6_7_0_soc_clk_i_regs/A
clkbuf_2_0_0_soc_clk_i_regs	eco_cts_b0_g1	clkbuf_6_8_0_soc_clk_i_regs/A
clkbuf_2_0_0_soc_clk_i_regs	eco_cts_b0_g1	clkbuf_6_9_0_soc_clk_i_regs/A
clkbuf_2_1_0_soc_clk_i_regs	eco_cts_b1_g0	clkbuf_6_16_0_soc_clk_i_regs/A
clkbuf_2_1_0_soc_clk_i_regs	eco_cts_b1_g0	clkbuf_6_17_0_soc_clk_i_regs/A
clkbuf_2_1_0_soc_clk_i_regs	eco_cts_b1_g0	clkbuf_6_18_0_soc_clk_i_regs/A
clkbuf_2_1_0_soc_clk_i_regs	eco_cts_b1_g0	clkbuf_6_19_0_soc_clk_i_regs/A
clkbuf_2_1_0_soc_clk_i_regs	eco_cts_b1_g0	clkbuf_6_20_0_soc_clk_i_regs/A
clkbuf_2_1_0_soc_clk_i_regs	eco_cts_b1_g0	clkbuf_6_21_0_soc_clk_i_regs/A
clkbuf_2_1_0_soc_clk_i_regs	eco_cts_b1_g0	clkbuf_6_22_0_soc_clk_i_regs/A
clkbuf_2_1_0_soc_clk_i_regs	eco_cts_b1_g0	clkbuf_6_23_0_soc_clk_i_regs/A
clkbuf_2_1_0_soc_clk_i_regs	eco_cts_b1_g1	clkbuf_6_24_0_soc_clk_i_regs/A
clkbuf_2_1_0_soc_clk_i_regs	eco_cts_b1_g1	clkbuf_6_25_0_soc_clk_i_regs/A
clkbuf_2_1_0_soc_clk_i_regs	eco_cts_b1_g1	clkbuf_6_26_0_soc_clk_i_regs/A
clkbuf_2_1_0_soc_clk_i_regs	eco_cts_b1_g1	clkbuf_6_27_0_soc_clk_i_regs/A
clkbuf_2_1_0_soc_clk_i_regs	eco_cts_b1_g1	clkbuf_6_28_0_soc_clk_i_regs/A
clkbuf_2_1_0_soc_clk_i_regs	eco_cts_b1_g1	clkbuf_6_29_0_soc_clk_i_regs/A
clkbuf_2_1_0_soc_clk_i_regs	eco_cts_b1_g1	clkbuf_6_30_0_soc_clk_i_regs/A
clkbuf_2_1_0_soc_clk_i_regs	eco_cts_b1_g1	clkbuf_6_31_0_soc_clk_i_regs/A
clkbuf_2_2_0_soc_clk_i_regs	eco_cts_b2_g0	clkbuf_6_32_0_soc_clk_i_regs/A
clkbuf_2_2_0_soc_clk_i_regs	eco_cts_b2_g0	clkbuf_6_33_0_soc_clk_i_regs/A
clkbuf_2_2_0_soc_clk_i_regs	eco_cts_b2_g0	clkbuf_6_34_0_soc_clk_i_regs/A
clkbuf_2_2_0_soc_clk_i_regs	eco_cts_b2_g0	clkbuf_6_35_0_soc_clk_i_regs/A
clkbuf_2_2_0_soc_clk_i_regs	eco_cts_b2_g0	clkbuf_6_36_0_soc_clk_i_regs/A
clkbuf_2_2_0_soc_clk_i_regs	eco_cts_b2_g0	clkbuf_6_37_0_soc_clk_i_regs/A
clkbuf_2_2_0_soc_clk_i_regs	eco_cts_b2_g0	clkbuf_6_38_0_soc_clk_i_regs/A
clkbuf_2_2_0_soc_clk_i_regs	eco_cts_b2_g0	clkbuf_6_39_0_soc_clk_i_regs/A
clkbuf_2_2_0_soc_clk_i_regs	eco_cts_b2_g1	clkbuf_6_40_0_soc_clk_i_regs/A
clkbuf_2_2_0_soc_clk_i_regs	eco_cts_b2_g1	clkbuf_6_41_0_soc_clk_i_regs/A
clkbuf_2_2_0_soc_clk_i_regs	eco_cts_b2_g1	clkbuf_6_42_0_soc_clk_i_regs/A
clkbuf_2_2_0_soc_clk_i_regs	eco_cts_b2_g1	clkbuf_6_43_0_soc_clk_i_regs/A
clkbuf_2_2_0_soc_clk_i_regs	eco_cts_b2_g1	clkbuf_6_44_0_soc_clk_i_regs/A
clkbuf_2_2_0_soc_clk_i_regs	eco_cts_b2_g1	clkbuf_6_45_0_soc_clk_i_regs/A
clkbuf_2_2_0_soc_clk_i_regs	eco_cts_b2_g1	clkbuf_6_46_0_soc_clk_i_regs/A
clkbuf_2_2_0_soc_clk_i_regs	eco_cts_b2_g1	clkbuf_6_47_0_soc_clk_i_regs/A
clkbuf_2_3_0_soc_clk_i_regs	eco_cts_b3_g0	clkbuf_6_48_0_soc_clk_i_regs/A
clkbuf_2_3_0_soc_clk_i_regs	eco_cts_b3_g0	clkbuf_6_49_0_soc_clk_i_regs/A
clkbuf_2_3_0_soc_clk_i_regs	eco_cts_b3_g0	clkbuf_6_50_0_soc_clk_i_regs/A
clkbuf_2_3_0_soc_clk_i_regs	eco_cts_b3_g0	clkbuf_6_51_0_soc_clk_i_regs/A
clkbuf_2_3_0_soc_clk_i_regs	eco_cts_b3_g0	clkbuf_6_52_0_soc_clk_i_regs/A
clkbuf_2_3_0_soc_clk_i_regs	eco_cts_b3_g0	clkbuf_6_53_0_soc_clk_i_regs/A
clkbuf_2_3_0_soc_clk_i_regs	eco_cts_b3_g0	clkbuf_6_54_0_soc_clk_i_regs/A
clkbuf_2_3_0_soc_clk_i_regs	eco_cts_b3_g0	clkbuf_6_55_0_soc_clk_i_regs/A
clkbuf_2_3_0_soc_clk_i_regs	eco_cts_b3_g1	clkbuf_6_56_0_soc_clk_i_regs/A
clkbuf_2_3_0_soc_clk_i_regs	eco_cts_b3_g1	clkbuf_6_57_0_soc_clk_i_regs/A
clkbuf_2_3_0_soc_clk_i_regs	eco_cts_b3_g1	clkbuf_6_58_0_soc_clk_i_regs/A
clkbuf_2_3_0_soc_clk_i_regs	eco_cts_b3_g1	clkbuf_6_59_0_soc_clk_i_regs/A
clkbuf_2_3_0_soc_clk_i_regs	eco_cts_b3_g1	clkbuf_6_60_0_soc_clk_i_regs/A
clkbuf_2_3_0_soc_clk_i_regs	eco_cts_b3_g1	clkbuf_6_61_0_soc_clk_i_regs/A
clkbuf_2_3_0_soc_clk_i_regs	eco_cts_b3_g1	clkbuf_6_62_0_soc_clk_i_regs/A
clkbuf_2_3_0_soc_clk_i_regs	eco_cts_b3_g1	clkbuf_6_63_0_soc_clk_i_regs/A
